Topic Title,Link,Replies,Views
Ø¢Ù…ÙˆØ²Ø´ Ú†Ú¯ÙˆÙ†Ù‡ Ø¯Ø± Ø³Ø±ÙˆØ±Ù‡Ø§ÙŠ Ø§Ø´ØªØ±Ø§Ùƒ Ú¯Ø°Ø§Ø±ÙŠ Ø¢Ù¾Ù„ÙˆØ¯ Ùˆ Ø¯Ø±Ø¢Ù…Ø¯ ÙƒØ³Ø¨ ÙƒÙ†ÙŠÙ…,https://forum.persiantools.com/threads/%D8%A2%D9%85%D9%88%D8%B2%D8%B4-%DA%86%DA%AF%D9%88%D9%86%D9%87-%D8%AF%D8%B1-%D8%B3%D8%B1%D9%88%D8%B1%D9%87%D8%A7%D9%8A-%D8%A7%D8%B4%D8%AA%D8%B1%D8%A7%D9%83-%DA%AF%D8%B0%D8%A7%D8%B1%D9%8A-%D8%A2%D9%BE%D9%84%D9%88%D8%AF-%D9%88-%D8%AF%D8%B1%D8%A2%D9%85%D8%AF-%D9%83%D8%B3%D8%A8-%D9%83%D9%86%D9%8A%D9%85.163308/,8000,524000
ÙƒØ³Ø¨ Ø¯Ø±Ø¢Ù…Ø¯ Ø§Ø² Ø·Ø±ÙŠÙ‚ Auto Surf Ù‡Ø§,https://forum.persiantools.com/threads/%D9%83%D8%B3%D8%A8-%D8%AF%D8%B1%D8%A2%D9%85%D8%AF-%D8%A7%D8%B2-%D8%B7%D8%B1%D9%8A%D9%82-auto-surf-%D9%87%D8%A7.23401/,2000,159000
ÙƒØ³Ø¨ Ø¯Ø±Ø§Ù…Ø¯ Ø§Ø² Ø·Ø±ÙŠÙ‚ PPC Ù‡Ø§,https://forum.persiantools.com/threads/%D9%83%D8%B3%D8%A8-%D8%AF%D8%B1%D8%A7%D9%85%D8%AF-%D8%A7%D8%B2-%D8%B7%D8%B1%D9%8A%D9%82-ppc-%D9%87%D8%A7.16936/,816,129000
Ù…Ù† Ø¨Ù‡ Ø±Ø§Ø­ØªÛŒ 599$ Ø¯Ø± Ù…Ø§Ù‡ Ø¯Ø± Ù…ÛŒØ§Ø±Ù…. ( Ú©Ø§Ù…Ù„Ø§ ÙˆØ§Ù‚Ø¹ÛŒ ),https://forum.persiantools.com/threads/%D9%85%D9%86-%D8%A8%D9%87-%D8%B1%D8%A7%D8%AD%D8%AA%DB%8C-599-%D8%AF%D8%B1-%D9%85%D8%A7%D9%87-%D8%AF%D8%B1-%D9%85%DB%8C%D8%A7%D8%B1%D9%85-%DA%A9%D8%A7%D9%85%D9%84%D8%A7-%D9%88%D8%A7%D9%82%D8%B9%DB%8C.280883/,664,49000
Ù…Ø¹Ø±ÙÛŒ Ø³Ø§ÛŒØª Ù‡Ø§ÛŒ Ù…Ø¹ØªØ¨Ø± Ú©Ø³Ø¨ Ø±ÙˆØ¨Ù„ (Ø±ÙˆØ³ÛŒÙ‡)+ Ø³Ù†Ø¯ Ø¨Ø±Ø¯Ø§Ø´Øª,https://forum.persiantools.com/threads/%D9%85%D8%B9%D8%B1%D9%81%DB%8C-%D8%B3%D8%A7%DB%8C%D8%AA-%D9%87%D8%A7%DB%8C-%D9%85%D8%B9%D8%AA%D8%A8%D8%B1-%DA%A9%D8%B3%D8%A8-%D8%B1%D9%88%D8%A8%D9%84-%D8%B1%D9%88%D8%B3%DB%8C%D9%87-%D8%B3%D9%86%D8%AF-%D8%A8%D8%B1%D8%AF%D8%A7%D8%B4%D8%AA.938826/,99,12000
Ø³Ø§ÛŒØª Ù‡Ø§ÛŒ Ø´Ø±Ø· Ø¨Ù†Ø¯ÛŒ Ø¯Ø§Ø³ØªØ§Ù†Ø´ Ú†ÛŒÙ‡ ØŸ,https://forum.persiantools.com/threads/%D8%B3%D8%A7%DB%8C%D8%AA-%D9%87%D8%A7%DB%8C-%D8%B4%D8%B1%D8%B7-%D8%A8%D9%86%D8%AF%DB%8C-%D8%AF%D8%A7%D8%B3%D8%AA%D8%A7%D9%86%D8%B4-%DA%86%DB%8C%D9%87-%D8%9F.970662/,61,4000
Ø§Ú¯Ø± ÛŒÚ© Ù…ÛŒÙ„ÛŒØ§Ø±Ø¯ ØªÙˆÙ…Ø§Ù† Ø¨Ù‡Øª Ø¨Ø¯Ù†,https://forum.persiantools.com/threads/%D8%A7%DA%AF%D8%B1-%DB%8C%DA%A9-%D9%85%DB%8C%D9%84%DB%8C%D8%A7%D8%B1%D8%AF-%D8%AA%D9%88%D9%85%D8%A7%D9%86-%D8%A8%D9%87%D8%AA-%D8%A8%D8%AF%D9%86.913033/,53,3000
Ø¨Ø§Ø²Ú¯Ø´Øª Ù¾Ø± Ù‚Ø¯Ø±Øª Ø³Ø§ÛŒØªÙ‡Ø§ÛŒ Ù…ÙˆÙ† Ø¨ÛŒØªÚ©ÙˆÛŒÙ†ØŒ Ù…ÙˆÙ† Ù„Ø§ÛŒØªÚ©ÙˆÛŒÙ† Ùˆ Ù…ÙˆÙ† Ø¯Ø§Ú¯Ú©ÙˆÛŒÙ†,https://forum.persiantools.com/threads/%D8%A8%D8%A7%D8%B2%DA%AF%D8%B4%D8%AA-%D9%BE%D8%B1-%D9%82%D8%AF%D8%B1%D8%AA-%D8%B3%D8%A7%DB%8C%D8%AA%D9%87%D8%A7%DB%8C-%D9%85%D9%88%D9%86-%D8%A8%DB%8C%D8%AA%DA%A9%D9%88%DB%8C%D9%86%D8%8C-%D9%85%D9%88%D9%86-%D9%84%D8%A7%DB%8C%D8%AA%DA%A9%D9%88%DB%8C%D9%86-%D9%88-%D9%85%D9%88%D9%86-%D8%AF%D8%A7%DA%AF%DA%A9%D9%88%DB%8C%D9%86.962418/,42,2000
Ú©Ø³Ø¨ Ø¯Ø±Ø¢Ù…Ø¯ Ù…Ø§Ù‡ÛŒ 100 Ø¯Ù„Ø§Ø± Ø¨Ø§ Ù„Ø§ÛŒÚ© Ú©Ø±Ø¯Ù† ÙˆÛŒØ¯Ø¦ÙˆÙ‡Ø§ÛŒ ÛŒÙˆØªÛŒÙˆØ¨ ØŸ,https://forum.persiantools.com/threads/%DA%A9%D8%B3%D8%A8-%D8%AF%D8%B1%D8%A2%D9%85%D8%AF-%D9%85%D8%A7%D9%87%DB%8C-100-%D8%AF%D9%84%D8%A7%D8%B1-%D8%A8%D8%A7-%D9%84%D8%A7%DB%8C%DA%A9-%DA%A9%D8%B1%D8%AF%D9%86-%D9%88%DB%8C%D8%AF%D8%A6%D9%88%D9%87%D8%A7%DB%8C-%DB%8C%D9%88%D8%AA%DB%8C%D9%88%D8%A8-%D8%9F.985676/,33,3000
Ù†ÛŒØ§Ø² Ø¨Ù‡ Ø§Ú©Ø§Ù†Øª Paypal Ø¨Ø±Ø§ÛŒ Ù¾Ø³ Ú¯Ø±ÙØªÙ† Ø¨Ø§Ù‚ÛŒÙ…Ø§Ù†Ø¯Ù‡ Ù¾ÙˆÙ„ Ø§Ø² ÛŒÚ© Ø´Ø±Ú©Øª Ø§Ù…Ø±ÛŒÚ©Ø§ÛŒÛŒ,https://forum.persiantools.com/threads/%D9%86%DB%8C%D8%A7%D8%B2-%D8%A8%D9%87-%D8%A7%DA%A9%D8%A7%D9%86%D8%AA-paypal-%D8%A8%D8%B1%D8%A7%DB%8C-%D9%BE%D8%B3-%DA%AF%D8%B1%D9%81%D8%AA%D9%86-%D8%A8%D8%A7%D9%82%DB%8C%D9%85%D8%A7%D9%86%D8%AF%D9%87-%D9%BE%D9%88%D9%84-%D8%A7%D8%B2-%DB%8C%DA%A9-%D8%B4%D8%B1%DA%A9%D8%AA-%D8%A7%D9%85%D8%B1%DB%8C%DA%A9%D8%A7%DB%8C%DB%8C.977794/,33,2000
Ø±Ø§Ù‡ Ø¯Ø±Ø³Øª Ø¯Ø±Ø§Ù…Ø¯ Ø§Ù†Ù„Ø§ÛŒÙ† Ú©Ø³ÛŒ Ù¾ÛŒØ¯Ø§ Ú©Ø±Ø¯Ù‡ ØŸ,https://forum.persiantools.com/threads/%D8%B1%D8%A7%D9%87-%D8%AF%D8%B1%D8%B3%D8%AA-%D8%AF%D8%B1%D8%A7%D9%85%D8%AF-%D8%A7%D9%86%D9%84%D8%A7%DB%8C%D9%86-%DA%A9%D8%B3%DB%8C-%D9%BE%DB%8C%D8%AF%D8%A7-%DA%A9%D8%B1%D8%AF%D9%87-%D8%9F.984609/,28,3000
ØªØ¬Ø§Ø±Øª Ú†Ù…Ø¯Ø§Ù†ÛŒ Ø¨Ø§ ØªØ±Ú©ÛŒÙ‡,https://forum.persiantools.com/threads/%D8%AA%D8%AC%D8%A7%D8%B1%D8%AA-%DA%86%D9%85%D8%AF%D8%A7%D9%86%DB%8C-%D8%A8%D8%A7-%D8%AA%D8%B1%DA%A9%DB%8C%D9%87.541904/,25,78000
Ù„ÛŒØ³Øª Ø¨Ù‡ØªØ±ÛŒÙ† Ø³Ø§ÛŒØªÙ‡Ø§ÛŒ Ú©Ø³Ø¨ Ø¯Ø±Ø¢Ù…Ø¯ Ø§ÛŒØ±Ø§Ù†ÛŒ,https://forum.persiantools.com/threads/%D9%84%DB%8C%D8%B3%D8%AA-%D8%A8%D9%87%D8%AA%D8%B1%DB%8C%D9%86-%D8%B3%D8%A7%DB%8C%D8%AA%D9%87%D8%A7%DB%8C-%DA%A9%D8%B3%D8%A8-%D8%AF%D8%B1%D8%A2%D9%85%D8%AF-%D8%A7%DB%8C%D8%B1%D8%A7%D9%86%DB%8C.959033/,18,2000
Ø±Ø§Ù†Ø¯ Ø¯ÙˆÙ… Ø«Ø¨Øª Ù†Ø§Ù… Ø§ÛŒØ±Ø¯Ø±Ø§Ù¾ Terk Ø¨Ù‡ Ø§Ø±Ø²Ø´ (Û´Û¶Û° Ø¯Ù„Ø§Ø±),https://forum.persiantools.com/threads/%D8%B1%D8%A7%D9%86%D8%AF-%D8%AF%D9%88%D9%85-%D8%AB%D8%A8%D8%AA-%D9%86%D8%A7%D9%85-%D8%A7%DB%8C%D8%B1%D8%AF%D8%B1%D8%A7%D9%BE-terk-%D8%A8%D9%87-%D8%A7%D8%B1%D8%B2%D8%B4-%DB%B4%DB%B6%DB%B0-%D8%AF%D9%84%D8%A7%D8%B1.987266/,17,1000
ÙƒØ³Ø¨ Ø¯Ø±Ø¢Ù…Ø¯ Ø¯Ù„Ø§Ø±ÙŠ Ù…Ø¹Ù‚ÙˆÙ„,https://forum.persiantools.com/threads/%D9%83%D8%B3%D8%A8-%D8%AF%D8%B1%D8%A2%D9%85%D8%AF-%D8%AF%D9%84%D8%A7%D8%B1%D9%8A-%D9%85%D8%B9%D9%82%D9%88%D9%84.983087/,16,2000
"Ø³Ø§ÛŒØª ÙØ§Ø³Øª ""Ø¨Ø¯ÙˆÙ† Ù‡Ø±Ú¯ÙˆÙ†Ù‡ Ú©Ù¾Ú†Ø§"" Ùˆ Ú©Ø³Ø¨ 13 ØªØ§ Ø§Ø² Ø¢ÛŒÙ†Ø¯Ù‡â€ŒØ¯Ø§Ø±ØªØ±ÛŒÙ† Ø§Ø±Ø²Ù‡Ø§ÛŒ Ø¯ÛŒØ¬ÛŒØªØ§Ù„ Ø¬Ù‡Ø§Ù†",https://forum.persiantools.com/threads/%D8%B3%D8%A7%DB%8C%D8%AA-%D9%81%D8%A7%D8%B3%D8%AA-%D8%A8%D8%AF%D9%88%D9%86-%D9%87%D8%B1%DA%AF%D9%88%D9%86%D9%87-%DA%A9%D9%BE%DA%86%D8%A7-%D9%88-%DA%A9%D8%B3%D8%A8-13-%D8%AA%D8%A7-%D8%A7%D8%B2-%D8%A2%DB%8C%D9%86%D8%AF%D9%87%E2%80%8C%D8%AF%D8%A7%D8%B1%D8%AA%D8%B1%DB%8C%D9%86-%D8%A7%D8%B1%D8%B2%D9%87%D8%A7%DB%8C-%D8%AF%DB%8C%D8%AC%DB%8C%D8%AA%D8%A7%D9%84-%D8%AC%D9%87%D8%A7%D9%86.967708/,16,1000
Ù…Ø¹Ø±ÙÛŒ Ø³Ø§ÛŒØª Ú©Ø³Ø¨ Ø¯Ø±Ø§Ù…Ø¯ Ú©Ù„ÛŒÚ©ÛŒ Ø³ÙˆÙ„Ø¨ÙˆÚ©Ø³!+Ø§Ø«Ø¨Ø§Øª Ù¾Ø±Ø¯Ø§Ø®ØªÛŒ+ÙˆÛŒØ¯Ø¦Ùˆ Ø§Ù…ÙˆØ²Ø´ ÙØ§Ø±Ø³ÛŒ,https://forum.persiantools.com/threads/%D9%85%D8%B9%D8%B1%D9%81%DB%8C-%D8%B3%D8%A7%DB%8C%D8%AA-%DA%A9%D8%B3%D8%A8-%D8%AF%D8%B1%D8%A7%D9%85%D8%AF-%DA%A9%D9%84%DB%8C%DA%A9%DB%8C-%D8%B3%D9%88%D9%84%D8%A8%D9%88%DA%A9%D8%B3-%D8%A7%D8%AB%D8%A8%D8%A7%D8%AA-%D9%BE%D8%B1%D8%AF%D8%A7%D8%AE%D8%AA%DB%8C-%D9%88%DB%8C%D8%AF%D8%A6%D9%88-%D8%A7%D9%85%D9%88%D8%B2%D8%B4-%D9%81%D8%A7%D8%B1%D8%B3%DB%8C.924350/,13,18000
Ø³Ø§ÛŒØª Ø´Ø¨ÛŒÙ‡ Ø³Ø§ÛŒØª Ù¾Ø±Ù†Ø¯Ú¯Ø§Ù† Ø¯Ø±Ø¢Ù…Ø¯ Ø¨Ù‡ Ø±ÙˆØ¨Ù„,https://forum.persiantools.com/threads/%D8%B3%D8%A7%DB%8C%D8%AA-%D8%B4%D8%A8%DB%8C%D9%87-%D8%B3%D8%A7%DB%8C%D8%AA-%D9%BE%D8%B1%D9%86%D8%AF%DA%AF%D8%A7%D9%86-%D8%AF%D8%B1%D8%A2%D9%85%D8%AF-%D8%A8%D9%87-%D8%B1%D9%88%D8%A8%D9%84.971614/,13,875
Ú©Ø³Ø¨ Ø¯Ø±Ø¢Ù…Ø¯ Ø§Ø² ÛŒÚ© Ø¨Ø§Ø²ÛŒ Ø¬Ø°Ø§Ø¨,https://forum.persiantools.com/threads/%DA%A9%D8%B3%D8%A8-%D8%AF%D8%B1%D8%A2%D9%85%D8%AF-%D8%A7%D8%B2-%DB%8C%DA%A9-%D8%A8%D8%A7%D8%B2%DB%8C-%D8%AC%D8%B0%D8%A7%D8%A8.984086/,10,610
Ø¯Ø±ÛŒØ§ÙØª Ø¯Ø±Ø¢Ù…Ø¯ Ø¨Ø§ ÛŒÚ© Ø±ÙˆØ² Ú©Ø§Ø± Ùˆ Ø§Ø±Ø² Ø¯Ù„Ø®ÙˆØ§Ù‡,https://forum.persiantools.com/threads/%D8%AF%D8%B1%DB%8C%D8%A7%D9%81%D8%AA-%D8%AF%D8%B1%D8%A2%D9%85%D8%AF-%D8%A8%D8%A7-%DB%8C%DA%A9-%D8%B1%D9%88%D8%B2-%DA%A9%D8%A7%D8%B1-%D9%88-%D8%A7%D8%B1%D8%B2-%D8%AF%D9%84%D8%AE%D9%88%D8%A7%D9%87.973843/,10,897
Ú©ÙˆÛŒÙ†Ú©Ø³ Ù…Ø´Ø§Ø¨Ù‡ Ø§ÛŒØ±Ø§Ù†ÛŒ Ù‡Ù… Ø¯Ø§Ø±ÛŒÙ…ØŸ,https://forum.persiantools.com/threads/%DA%A9%D9%88%DB%8C%D9%86%DA%A9%D8%B3-%D9%85%D8%B4%D8%A7%D8%A8%D9%87-%D8%A7%DB%8C%D8%B1%D8%A7%D9%86%DB%8C-%D9%87%D9%85-%D8%AF%D8%A7%D8%B1%DB%8C%D9%85%D8%9F.981861/,9,448
Ú©Ø³Ø¨ Ø¯Ø±Ø¢Ù…Ø¯ ØªØ¶Ù…ÛŒÙ†ÛŒ Ø§Ø² Ø³Ø§ÛŒØª Ù¾Ø±Ø³Ø´Ù†Ø§Ù…Ù‡ IQtik,https://forum.persiantools.com/threads/%DA%A9%D8%B3%D8%A8-%D8%AF%D8%B1%D8%A2%D9%85%D8%AF-%D8%AA%D8%B6%D9%85%DB%8C%D9%86%DB%8C-%D8%A7%D8%B2-%D8%B3%D8%A7%DB%8C%D8%AA-%D9%BE%D8%B1%D8%B3%D8%B4%D9%86%D8%A7%D9%85%D9%87-iqtik.978584/,9,666
ØªÙˆØ¶ÛŒØ­Ø§Øª +  ÙØ§ÛŒÙ„ PSD Ù¾Ø§Ø³Ù¾ÙˆØ±Øª ØªØ§ÛŒÙˆØ§Ù† Ø¨Ø±Ø§ÛŒ ÙˆØ±ÛŒÙØ§ÛŒ Ø§Ú©Ø§Ù†Øª Ù‡Ø§ÛŒ Ù…Ø®ØªÙ„Ù,https://forum.persiantools.com/threads/%D8%AA%D9%88%D8%B6%DB%8C%D8%AD%D8%A7%D8%AA-%D9%81%D8%A7%DB%8C%D9%84-psd-%D9%BE%D8%A7%D8%B3%D9%BE%D9%88%D8%B1%D8%AA-%D8%AA%D8%A7%DB%8C%D9%88%D8%A7%D9%86-%D8%A8%D8%B1%D8%A7%DB%8C-%D9%88%D8%B1%DB%8C%D9%81%D8%A7%DB%8C-%D8%A7%DA%A9%D8%A7%D9%86%D8%AA-%D9%87%D8%A7%DB%8C-%D9%85%D8%AE%D8%AA%D9%84%D9%81.966737/,8,3000
Ù‡Ù…Ú©Ø§Ø±ÛŒ Ø¯Ø± Ø®Ø±ÛŒØ¯ Ø§Ø´ØªØ±Ø§Ú© Ø¨Ù‡ØªØ±ÛŒÙ† Ú©Ø§Ù†Ø§Ù„ ØªØ­Ù„ÛŒÙ„ Ø§Ø±Ø² Ø¯ÛŒØ¬ÛŒØªØ§Ù„ Ùˆ ÙØ§Ø±Ú©Ø³,https://forum.persiantools.com/threads/%D9%87%D9%85%DA%A9%D8%A7%D8%B1%DB%8C-%D8%AF%D8%B1-%D8%AE%D8%B1%DB%8C%D8%AF-%D8%A7%D8%B4%D8%AA%D8%B1%D8%A7%DA%A9-%D8%A8%D9%87%D8%AA%D8%B1%DB%8C%D9%86-%DA%A9%D8%A7%D9%86%D8%A7%D9%84-%D8%AA%D8%AD%D9%84%DB%8C%D9%84-%D8%A7%D8%B1%D8%B2-%D8%AF%DB%8C%D8%AC%DB%8C%D8%AA%D8%A7%D9%84-%D9%88-%D9%81%D8%A7%D8%B1%DA%A9%D8%B3.982333/,8,301
Ù‡Ø± 15 Ø¯Ù‚ÛŒÙ‚Ù‡ 1 Ø¯Ù„Ø§Ø± Ø§Ø² Ø·Ø±ÛŒÙ‚ Ú¯ÙˆØ´ÛŒ,https://forum.persiantools.com/threads/%D9%87%D8%B1-15-%D8%AF%D9%82%DB%8C%D9%82%D9%87-1-%D8%AF%D9%84%D8%A7%D8%B1-%D8%A7%D8%B2-%D8%B7%D8%B1%DB%8C%D9%82-%DA%AF%D9%88%D8%B4%DB%8C.978064/,8,1000
Ø¨Ù‡ØªØ±ÛŒÙ† Ø³Ø§ÛŒØª Ù‡Ø§ÛŒ Ù¾Ø§Ù¾ Ø¢Ù¾ Ø®Ø§Ø±Ø¬ÛŒ Ø¨Ø±Ø§ÛŒ Ú©Ø³Ø¨ Ø¯Ø±Ø¢Ù…Ø¯ Ø§Ø² popup,https://forum.persiantools.com/threads/%D8%A8%D9%87%D8%AA%D8%B1%DB%8C%D9%86-%D8%B3%D8%A7%DB%8C%D8%AA-%D9%87%D8%A7%DB%8C-%D9%BE%D8%A7%D9%BE-%D8%A2%D9%BE-%D8%AE%D8%A7%D8%B1%D8%AC%DB%8C-%D8%A8%D8%B1%D8%A7%DB%8C-%DA%A9%D8%B3%D8%A8-%D8%AF%D8%B1%D8%A2%D9%85%D8%AF-%D8%A7%D8%B2-popup.984413/,7,1000
Ú†Ø·ÙˆØ±ÛŒ ØªÙˆ ÙØ¶Ø§ÛŒ Ù…Ø¬Ø§Ø²ÛŒ Ú©Ø³Ø¨ Ø¯Ø±Ø¢Ù…Ø¯ Ú©Ù†Ù…ØŸ,https://forum.persiantools.com/threads/%DA%86%D8%B7%D9%88%D8%B1%DB%8C-%D8%AA%D9%88-%D9%81%D8%B6%D8%A7%DB%8C-%D9%85%D8%AC%D8%A7%D8%B2%DB%8C-%DA%A9%D8%B3%D8%A8-%D8%AF%D8%B1%D8%A2%D9%85%D8%AF-%DA%A9%D9%86%D9%85%D8%9F.988492/,6,899
ØªÙˆÙ„ÛŒØ¯ Ù…Ø­ØªÙˆØ§ Ùˆ Ú©Ø³Ø¨ Ø¯Ø±Ø¢Ù…Ø¯,https://forum.persiantools.com/threads/%D8%AA%D9%88%D9%84%DB%8C%D8%AF-%D9%85%D8%AD%D8%AA%D9%88%D8%A7-%D9%88-%DA%A9%D8%B3%D8%A8-%D8%AF%D8%B1%D8%A2%D9%85%D8%AF.972001/,6,635
Ø®Ø±ÛŒØ¯ Ùˆ ÙØ±ÙˆØ´ Ø³Ú©Ù‡ Ø¨Ø±Ù†Ø§Ù…Ù‡ ÙØ§Ù„ÙˆØ¦Ø± Ø¨Ú¯ÛŒØ± Ø§ÛŒÙ†Ø³ØªØ§Ú¯Ø±Ø§Ù…,https://forum.persiantools.com/threads/%D8%AE%D8%B1%DB%8C%D8%AF-%D9%88-%D9%81%D8%B1%D9%88%D8%B4-%D8%B3%DA%A9%D9%87-%D8%A8%D8%B1%D9%86%D8%A7%D9%85%D9%87-%D9%81%D8%A7%D9%84%D9%88%D8%A6%D8%B1-%D8%A8%DA%AF%DB%8C%D8%B1-%D8%A7%DB%8C%D9%86%D8%B3%D8%AA%D8%A7%DA%AF%D8%B1%D8%A7%D9%85.788041/,5,7000
Ú©Ø³Ø¨ Ø¯Ø±Ø¢Ù…Ø¯ Ø§Ø² Ø·Ø±ÛŒÙ‚ ØªÙ…Ø§Ø´Ø§ ÙˆÛŒØ¯ÛŒÙˆ Ùˆ ØªØ¨Ù„ÛŒØºØ§Øª Ø®ÙˆØ¯Ú©Ø§Ø±,https://forum.persiantools.com/threads/%DA%A9%D8%B3%D8%A8-%D8%AF%D8%B1%D8%A2%D9%85%D8%AF-%D8%A7%D8%B2-%D8%B7%D8%B1%DB%8C%D9%82-%D8%AA%D9%85%D8%A7%D8%B4%D8%A7-%D9%88%DB%8C%D8%AF%DB%8C%D9%88-%D9%88-%D8%AA%D8%A8%D9%84%DB%8C%D8%BA%D8%A7%D8%AA-%D8%AE%D9%88%D8%AF%DA%A9%D8%A7%D8%B1.976857/,5,780
Ø³Ø§ÛŒØª Ù…Ø´Ø§Ù‡Ø¯Ù‡ Ø§Ú¯Ù‡ÛŒ * Ø¢Ø±Ú¯ÙˆÙ† Ú©Ù„ÛŒÚ© * Ù¾Ø±Ø¯Ø§Ø®Øª Ø¢Ù†ÛŒ,https://forum.persiantools.com/threads/%D8%B3%D8%A7%DB%8C%D8%AA-%D9%85%D8%B4%D8%A7%D9%87%D8%AF%D9%87-%D8%A7%DA%AF%D9%87%DB%8C-%D8%A2%D8%B1%DA%AF%D9%88%D9%86-%DA%A9%D9%84%DB%8C%DA%A9-%D9%BE%D8%B1%D8%AF%D8%A7%D8%AE%D8%AA-%D8%A2%D9%86%DB%8C.969753/,5,507
ØªØ¯Ø±ÛŒØ³ Ø¯Ø± ÙØ±Ø§Ø¯Ø±Ø³,https://forum.persiantools.com/threads/%D8%AA%D8%AF%D8%B1%DB%8C%D8%B3-%D8%AF%D8%B1-%D9%81%D8%B1%D8%A7%D8%AF%D8%B1%D8%B3.987264/,4,791
Ù…Ø¹Ø±ÙÛŒ Ø³Ø§ÛŒØª Ø¬Ø¯ÛŒØ¯ Ø¯Ø±Ø¢Ù…Ø¯ Ø§Ø±Ø² Ø¯ÛŒØ¬ÛŒØªØ§Ù„ (Ø§Ø³ØªÙ„Ø§Ø± ØŒ Ú©Ø§Ø±Ø¯Ø§Ù†Ùˆ ØŒ ØªØ±ÙˆÙ† Ùˆ ....),https://forum.persiantools.com/threads/%D9%85%D8%B9%D8%B1%D9%81%DB%8C-%D8%B3%D8%A7%DB%8C%D8%AA-%D8%AC%D8%AF%DB%8C%D8%AF-%D8%AF%D8%B1%D8%A2%D9%85%D8%AF-%D8%A7%D8%B1%D8%B2-%D8%AF%DB%8C%D8%AC%DB%8C%D8%AA%D8%A7%D9%84-%D8%A7%D8%B3%D8%AA%D9%84%D8%A7%D8%B1-%D8%8C-%DA%A9%D8%A7%D8%B1%D8%AF%D8%A7%D9%86%D9%88-%D8%8C-%D8%AA%D8%B1%D9%88%D9%86-%D9%88.922219/,4,2000
Ø³Ø§ÛŒØª coinpot Ø§Ø³Ú©Ù… Ø´Ø¯Ù‡ØŸ!,https://forum.persiantools.com/threads/%D8%B3%D8%A7%DB%8C%D8%AA-coinpot-%D8%A7%D8%B3%DA%A9%D9%85-%D8%B4%D8%AF%D9%87%D8%9F.986072/,4,223
ÙØ±ÙˆØ´Ù†Ø¯Ù‡ Ù…Ø¹ØªØ¨Ø±,https://forum.persiantools.com/threads/%D9%81%D8%B1%D9%88%D8%B4%D9%86%D8%AF%D9%87-%D9%85%D8%B9%D8%AA%D8%A8%D8%B1.586542/,4,442
Ú©Ø³Ø¨ Ø¯Ø±Ø¢Ù…Ø¯ Ù…Ø§Ù‡ÛŒØ§Ù†Ù‡ 184 Ø¯Ù„Ø§Ø± Ø¨Ø§ Ø§Ø´ØªØ±Ø§Ú© Ú¯Ø°Ø§Ø±ÛŒ Ø§ÛŒÙ†ØªØ±Ù†Øª,https://forum.persiantools.com/threads/%DA%A9%D8%B3%D8%A8-%D8%AF%D8%B1%D8%A2%D9%85%D8%AF-%D9%85%D8%A7%D9%87%DB%8C%D8%A7%D9%86%D9%87-184-%D8%AF%D9%84%D8%A7%D8%B1-%D8%A8%D8%A7-%D8%A7%D8%B4%D8%AA%D8%B1%D8%A7%DA%A9-%DA%AF%D8%B0%D8%A7%D8%B1%DB%8C-%D8%A7%DB%8C%D9%86%D8%AA%D8%B1%D9%86%D8%AA.987304/,3,835
ÙˆØ§Ù… Ù‚Ø±Ø¶ Ø§Ù„Ø­Ø³Ù†Ù‡ Ø¨Ø§Ø´Ú¯Ø§Ù‡ Ø¢Ú¯Ø§Ù‡ Ùˆ Ø§Ù…ØªÛŒØ§Ø² Ø¨Ø§Ø´Ú¯Ø§Ù‡ Ø¢Ú¯Ø§Ù‡,https://forum.persiantools.com/threads/%D9%88%D8%A7%D9%85-%D9%82%D8%B1%D8%B6-%D8%A7%D9%84%D8%AD%D8%B3%D9%86%D9%87-%D8%A8%D8%A7%D8%B4%DA%AF%D8%A7%D9%87-%D8%A2%DA%AF%D8%A7%D9%87-%D9%88-%D8%A7%D9%85%D8%AA%DB%8C%D8%A7%D8%B2-%D8%A8%D8%A7%D8%B4%DA%AF%D8%A7%D9%87-%D8%A2%DA%AF%D8%A7%D9%87.976236/,3,313
Ù†ÛŒØ§Ø²Ù…Ù†Ø¯ Ù„Ø§ÛŒÚ© Ø±Ø§ÛŒÚ¯Ø§Ù† Ø¨Ø±Ø§ÛŒ Ù…Ø³Ø§Ø¨Ù‚Ù‡ Ù‡Ø³ØªÛŒÙ…,https://forum.persiantools.com/threads/%D9%86%DB%8C%D8%A7%D8%B2%D9%85%D9%86%D8%AF-%D9%84%D8%A7%DB%8C%DA%A9-%D8%B1%D8%A7%DB%8C%DA%AF%D8%A7%D9%86-%D8%A8%D8%B1%D8%A7%DB%8C-%D9%85%D8%B3%D8%A7%D8%A8%D9%82%D9%87-%D9%87%D8%B3%D8%AA%DB%8C%D9%85.982336/,3,212
Ù†ÛŒØ§Ø²Ù…Ù†Ø¯ Ù†ÙˆÛŒØ³Ù†Ø¯Ù‡ Ø¨Ø±Ø§ÛŒ Ø³Ø§ÛŒØª ÙÛŒÙ„Ù… Ùˆ Ø³Ø±ÛŒØ§Ù„,https://forum.persiantools.com/threads/%D9%86%DB%8C%D8%A7%D8%B2%D9%85%D9%86%D8%AF-%D9%86%D9%88%DB%8C%D8%B3%D9%86%D8%AF%D9%87-%D8%A8%D8%B1%D8%A7%DB%8C-%D8%B3%D8%A7%DB%8C%D8%AA-%D9%81%DB%8C%D9%84%D9%85-%D9%88-%D8%B3%D8%B1%DB%8C%D8%A7%D9%84.979001/,3,367
ÙØ±ÙˆØ´ Ø§Ú©Ø§Ù†Øª iq option,https://forum.persiantools.com/threads/%D9%81%D8%B1%D9%88%D8%B4-%D8%A7%DA%A9%D8%A7%D9%86%D8%AA-iq-option.964583/,3,519
Ú©Ø³Ø¨ Ø¯Ø±Ø¢Ù…Ø¯ Ø§Ø² Ø§Ø³ØªØ®Ø±Ø§Ø¬ Ø¨ÛŒØª Ú©ÙˆÛŒÙ† Ú©Ø§Ù…Ù„Ø§ Ø±Ø§ÛŒÚ¯Ø§Ù†,https://forum.persiantools.com/threads/%DA%A9%D8%B3%D8%A8-%D8%AF%D8%B1%D8%A2%D9%85%D8%AF-%D8%A7%D8%B2-%D8%A7%D8%B3%D8%AA%D8%AE%D8%B1%D8%A7%D8%AC-%D8%A8%DB%8C%D8%AA-%DA%A9%D9%88%DB%8C%D9%86-%DA%A9%D8%A7%D9%85%D9%84%D8%A7-%D8%B1%D8%A7%DB%8C%DA%AF%D8%A7%D9%86.970962/,3,693
nft ÛŒØ§ Ú©Ù„Ø§Ù‡ Ú¯Ø°Ø§Ø±ÛŒ,https://forum.persiantools.com/threads/nft-%DB%8C%D8%A7-%DA%A9%D9%84%D8%A7%D9%87-%DA%AF%D8%B0%D8%A7%D8%B1%DB%8C.987563/,2,730
Ú©Ø³Ø¨ Ø¯Ø±Ø¢Ù…Ø¯ Ø§ÛŒÙ†ØªØ±Ù†ØªÛŒ Ø¢Ø³Ø§Ù† Ùˆ Ù…Ø·Ù…Ø¦Ù†,https://forum.persiantools.com/threads/%DA%A9%D8%B3%D8%A8-%D8%AF%D8%B1%D8%A2%D9%85%D8%AF-%D8%A7%DB%8C%D9%86%D8%AA%D8%B1%D9%86%D8%AA%DB%8C-%D8%A2%D8%B3%D8%A7%D9%86-%D9%88-%D9%85%D8%B7%D9%85%D8%A6%D9%86.740567/,2,441
Ú©Ø³Ø¨ Ø¯Ø±Ø¢Ù…Ø¯ Ø¨Ø§ ÙˆØ¨Ú¯Ø±Ø¯ÛŒ,https://forum.persiantools.com/threads/%DA%A9%D8%B3%D8%A8-%D8%AF%D8%B1%D8%A2%D9%85%D8%AF-%D8%A8%D8%A7-%D9%88%D8%A8%DA%AF%D8%B1%D8%AF%DB%8C.923125/,2,1000
Ù…Ø¹Ø±ÙÛŒ Ø§ÛŒØ±Ø¯Ø±Ø§Ù¾,https://forum.persiantools.com/threads/%D9%85%D8%B9%D8%B1%D9%81%DB%8C-%D8%A7%DB%8C%D8%B1%D8%AF%D8%B1%D8%A7%D9%BE.902944/,2,2000
ØªÙˆÚ©Ù† Ù‡Ø§Øª Ø¨ÛŒØª (HTB) Ø§Ø±Ø²Ø´ Ø³Ø±Ù…Ø§ÛŒÙ‡ Ú¯Ø°Ø§Ø±ÛŒ Ø¯Ø§Ø±Ø¯ØŸ,https://forum.persiantools.com/threads/%D8%AA%D9%88%DA%A9%D9%86-%D9%87%D8%A7%D8%AA-%D8%A8%DB%8C%D8%AA-htb-%D8%A7%D8%B1%D8%B2%D8%B4-%D8%B3%D8%B1%D9%85%D8%A7%DB%8C%D9%87-%DA%AF%D8%B0%D8%A7%D8%B1%DB%8C-%D8%AF%D8%A7%D8%B1%D8%AF%D8%9F.982747/,2,175
Ú©Ø³Ø¨  Ø±ÙˆØ¨Ù„ Ø¨Ø§ Ù„Ø§ÛŒÚ© Ùˆ ÙØ§Ù„Ùˆ Ø§ÛŒÙ†Ø³ØªØ§ Ùˆ Ø¹Ø¶ÙˆÛŒØª ØªÙ„Ú¯Ø±Ø§Ù…,https://forum.persiantools.com/threads/%DA%A9%D8%B3%D8%A8-%D8%B1%D9%88%D8%A8%D9%84-%D8%A8%D8%A7-%D9%84%D8%A7%DB%8C%DA%A9-%D9%88-%D9%81%D8%A7%D9%84%D9%88-%D8%A7%DB%8C%D9%86%D8%B3%D8%AA%D8%A7-%D9%88-%D8%B9%D8%B6%D9%88%DB%8C%D8%AA-%D8%AA%D9%84%DA%AF%D8%B1%D8%A7%D9%85.981948/,2,178
Ù¾ÛŒØ¯Ø§ Ú©Ø±Ø¯Ù† ÛŒÚ© ÙÛŒÙ„Ù…,https://forum.persiantools.com/threads/%D9%BE%DB%8C%D8%AF%D8%A7-%DA%A9%D8%B1%D8%AF%D9%86-%DB%8C%DA%A9-%D9%81%DB%8C%D9%84%D9%85.972867/,2,329
Ø¯Ø¹ÙˆØªÙ†Ø§Ù…Ù‡ ØªÙˆØ±Ù†Øª Ø®ØµÙˆØµÛŒ Ùˆ Ù‚Ø¯Ø±Ù…ØªÙ†Ø¯ SenceAccess Ø¨Ø§ Ø§Ø±Ø²Ø§Ù†ØªØ±ÛŒÙ† Ù‚ÛŒÙ…Øª,https://forum.persiantools.com/threads/%D8%AF%D8%B9%D9%88%D8%AA%D9%86%D8%A7%D9%85%D9%87-%D8%AA%D9%88%D8%B1%D9%86%D8%AA-%D8%AE%D8%B5%D9%88%D8%B5%DB%8C-%D9%88-%D9%82%D8%AF%D8%B1%D9%85%D8%AA%D9%86%D8%AF-senceaccess-%D8%A8%D8%A7-%D8%A7%D8%B1%D8%B2%D8%A7%D9%86%D8%AA%D8%B1%DB%8C%D9%86-%D9%82%DB%8C%D9%85%D8%AA.371328/,2,2000
10 Ø§Ø³ØªØ±Ø§ØªÚ˜ÛŒ Ø¨Ø±Ø§ÛŒ Ø¨Ø±Ø¯ Ø¯Ø± multiply  Ø³Ø§ÛŒØª  freebitcoin,https://forum.persiantools.com/threads/10-%D8%A7%D8%B3%D8%AA%D8%B1%D8%A7%D8%AA%DA%98%DB%8C-%D8%A8%D8%B1%D8%A7%DB%8C-%D8%A8%D8%B1%D8%AF-%D8%AF%D8%B1-multiply-%D8%B3%D8%A7%DB%8C%D8%AA-freebitcoin.972597/,2,523
Ø§Ø±Ø² Ø¯ÛŒØ¬ÛŒØªØ§Ù„ÛŒ Ø¨Ø§ Ø±Ø¨Ø§Øª Ù‡Ø§ÛŒ ØªÙ„Ú¯Ø±Ø§Ù…ÛŒ,https://forum.persiantools.com/threads/%D8%A7%D8%B1%D8%B2-%D8%AF%DB%8C%D8%AC%DB%8C%D8%AA%D8%A7%D9%84%DB%8C-%D8%A8%D8%A7-%D8%B1%D8%A8%D8%A7%D8%AA-%D9%87%D8%A7%DB%8C-%D8%AA%D9%84%DA%AF%D8%B1%D8%A7%D9%85%DB%8C.973483/,2,366
ØªÙ…Ø§Ù… ÙˆØ§Ù‚Ø¹ÛŒØª Ø¯Ø±Ø¨Ø§Ø±Ù‡ Ø³Ø§ÛŒØª Ù…Ø²Ø±Ø¹Ù‡ Ø³Ú©Ù‡ ÛŒØ§ Coin Farm,https://forum.persiantools.com/threads/%D8%AA%D9%85%D8%A7%D9%85-%D9%88%D8%A7%D9%82%D8%B9%DB%8C%D8%AA-%D8%AF%D8%B1%D8%A8%D8%A7%D8%B1%D9%87-%D8%B3%D8%A7%DB%8C%D8%AA-%D9%85%D8%B2%D8%B1%D8%B9%D9%87-%D8%B3%DA%A9%D9%87-%DB%8C%D8%A7-coin-farm.972155/,2,807
Ø§ÛŒØ±Ø¯Ø±Ø§Ù¾ Safepal Wallet â€“ Ø¯Ø±ÛŒØ§ÙØª 65 ØªÙˆÚ©Ù† SPF Ø¨Ù‡ Ø§Ø±Ø²Ø´ Ø§ÙˆÙ„ÛŒÙ‡ 32.5 Ø¯Ù„Ø§Ø± ØªØ§ Ø³Ù‚Ù 500 ØªÙˆÚ©Ù†SPF Ø¨Ù‡ Ø§Ø±Ø²Ø´ 250 Ø¯Ù„Ø§Ø± â€“ Ù¾Ø´ØªÛŒØ¨Ø§Ù†ÛŒ Ø´Ø¯Ù‡ ØªÙˆØ³Ø· ØµØ±Ø§ÙÛŒ Ø¨Ø§ÛŒÙ†Ø§Ù†Ø³,https://forum.persiantools.com/threads/%D8%A7%DB%8C%D8%B1%D8%AF%D8%B1%D8%A7%D9%BE-safepal-wallet-%E2%80%93-%D8%AF%D8%B1%DB%8C%D8%A7%D9%81%D8%AA-65-%D8%AA%D9%88%DA%A9%D9%86-spf-%D8%A8%D9%87-%D8%A7%D8%B1%D8%B2%D8%B4-%D8%A7%D9%88%D9%84%DB%8C%D9%87-32-5-%D8%AF%D9%84%D8%A7%D8%B1-%D8%AA%D8%A7-%D8%B3%D9%82%D9%81-500-%D8%AA%D9%88%DA%A9%D9%86spf-%D8%A8%D9%87-%D8%A7%D8%B1%D8%B2%D8%B4-250-%D8%AF%D9%84%D8%A7%D8%B1-%E2%80%93-%D9%BE%D8%B4%D8%AA%DB%8C%D8%A8%D8%A7%D9%86%DB%8C-%D8%B4%D8%AF%D9%87-%D8%AA%D9%88%D8%B3%D8%B7-%D8%B5%D8%B1%D8%A7%D9%81%DB%8C-%D8%A8%D8%A7%DB%8C%D9%86%D8%A7%D9%86%D8%B3.971979/,2,1000
Ø¨Ø§ Ø´Ø±Ú©Øª Ø¯Ø± Ø§ÛŒÙ† Ø¨ÙˆÙ†ØªÛŒ (Ø¨Ø³ÛŒØ§Ø± Ø³Ø§Ø¯Ù‡) Ø´Ø§Ù†Ø³ Ø¨Ø±Ù†Ø¯Ù‡ Ø´Ø¯Ù‡  $2000  Ø§Ø±Ø² ØªØ±ÙˆÙ† TRX Ùˆ Ú©ÛŒÙ Ù¾ÙˆÙ„ Ø³Ø®Øª Ø§ÙØ²Ø§Ø±ÛŒ Ù„Ø¯Ø¬Ø± Ø§ÛŒÚ©Ø³ Ø±Ø§ Ø®ÙˆØ§Ù‡ÛŒØ¯ Ø¯Ø§Ø´Øª.,https://forum.persiantools.com/threads/%D8%A8%D8%A7-%D8%B4%D8%B1%DA%A9%D8%AA-%D8%AF%D8%B1-%D8%A7%DB%8C%D9%86-%D8%A8%D9%88%D9%86%D8%AA%DB%8C-%D8%A8%D8%B3%DB%8C%D8%A7%D8%B1-%D8%B3%D8%A7%D8%AF%D9%87-%D8%B4%D8%A7%D9%86%D8%B3-%D8%A8%D8%B1%D9%86%D8%AF%D9%87-%D8%B4%D8%AF%D9%87-2000-%D8%A7%D8%B1%D8%B2-%D8%AA%D8%B1%D9%88%D9%86-trx-%D9%88-%DA%A9%DB%8C%D9%81-%D9%BE%D9%88%D9%84-%D8%B3%D8%AE%D8%AA-%D8%A7%D9%81%D8%B2%D8%A7%D8%B1%DB%8C-%D9%84%D8%AF%D8%AC%D8%B1-%D8%A7%DB%8C%DA%A9%D8%B3-%D8%B1%D8%A7-%D8%AE%D9%88%D8%A7%D9%87%DB%8C%D8%AF-%D8%AF%D8%A7%D8%B4%D8%AA.959484/,1,858
ØªØ§ÛŒÛŒØ¯ÛŒÙ‡ Ø¢Ø¯Ø±Ø³ Ø¨Ø±Ø§ÛŒ Ú©Ø±ÛŒÙ¾ØªÙˆÙ¾ÛŒØ§ØŸØŸØŸØŸ (Ù¾Ø³ Ú¯Ø±ÙØªÙ† ÙØ§Ù†Ø¯Ø²),https://forum.persiantools.com/threads/%D8%AA%D8%A7%DB%8C%DB%8C%D8%AF%DB%8C%D9%87-%D8%A2%D8%AF%D8%B1%D8%B3-%D8%A8%D8%B1%D8%A7%DB%8C-%DA%A9%D8%B1%DB%8C%D9%BE%D8%AA%D9%88%D9%BE%DB%8C%D8%A7%D8%9F%D8%9F%D8%9F%D8%9F-%D9%BE%D8%B3-%DA%AF%D8%B1%D9%81%D8%AA%D9%86-%D9%81%D8%A7%D9%86%D8%AF%D8%B2.983400/,1,479
ÙÙ‡Ù…ÛŒØ¯Ù† ØªØ¹Ø¯Ø§Ø¯ ÙˆØ±ÙˆØ¯ÛŒ ÛŒÚ© Ø³Ø§ÛŒØª,https://forum.persiantools.com/threads/%D9%81%D9%87%D9%85%DB%8C%D8%AF%D9%86-%D8%AA%D8%B9%D8%AF%D8%A7%D8%AF-%D9%88%D8%B1%D9%88%D8%AF%DB%8C-%DB%8C%DA%A9-%D8%B3%D8%A7%DB%8C%D8%AA.987187/,1,344
Ø§ÛŒØ±Ø¯Ø±Ø§Ù¾ Ø±Ø§ÛŒÚ¯Ø§Ù† Ùˆ Ù‚Ø§Ø¨Ù„ ÙØ±ÙˆØ´ bloggerairdrop,https://forum.persiantools.com/threads/%D8%A7%DB%8C%D8%B1%D8%AF%D8%B1%D8%A7%D9%BE-%D8%B1%D8%A7%DB%8C%DA%AF%D8%A7%D9%86-%D9%88-%D9%82%D8%A7%D8%A8%D9%84-%D9%81%D8%B1%D9%88%D8%B4-bloggerairdrop.985500/,1,181
Ø¯Ø±Ø®ÙˆØ§Ø³Øª Ø§Ø³Ú©Ø±ÛŒÙ¾Øª GC Hyip Manager Pro,https://forum.persiantools.com/threads/%D8%AF%D8%B1%D8%AE%D9%88%D8%A7%D8%B3%D8%AA-%D8%A7%D8%B3%DA%A9%D8%B1%DB%8C%D9%BE%D8%AA-gc-hyip-manager-pro.950373/,1,296
Ø§ÛŒØ±Ø¯Ø±Ø§Ù¾ Ù…Ø¹ØªØ¨Ø± BITCADEMY Ù¾Ø§Ø¯Ø§Ø´ 40 Ø¯Ù„Ø§Ø±,https://forum.persiantools.com/threads/%D8%A7%DB%8C%D8%B1%D8%AF%D8%B1%D8%A7%D9%BE-%D9%85%D8%B9%D8%AA%D8%A8%D8%B1-bitcademy-%D9%BE%D8%A7%D8%AF%D8%A7%D8%B4-40-%D8%AF%D9%84%D8%A7%D8%B1.925544/,1,631
Ø§ÛŒØ±Ø¯Ø±Ø§Ù¾ Ù‡Ø§ÛŒ Ù…Ø¹ØªØ¨Ø±,https://forum.persiantools.com/threads/%D8%A7%DB%8C%D8%B1%D8%AF%D8%B1%D8%A7%D9%BE-%D9%87%D8%A7%DB%8C-%D9%85%D8%B9%D8%AA%D8%A8%D8%B1.936341/,1,242
Ú©Ø³Ø¨ Ø¯Ø±Ø¢Ù…Ø¯ Ø±ÙˆØ²Ø§Ù†Ù‡ 1.5 Ø¯Ù„Ø§Ø± ÙÙ‚Ø· Ø§Ø² Ø·Ø±ÛŒÙ‚ Ø³Ø±Ú† Ú©Ø±Ø¯Ù† ( ØªØ§ÛŒÛŒØ¯ Ø´Ø¯Ù‡ ),https://forum.persiantools.com/threads/%DA%A9%D8%B3%D8%A8-%D8%AF%D8%B1%D8%A2%D9%85%D8%AF-%D8%B1%D9%88%D8%B2%D8%A7%D9%86%D9%87-1-5-%D8%AF%D9%84%D8%A7%D8%B1-%D9%81%D9%82%D8%B7-%D8%A7%D8%B2-%D8%B7%D8%B1%DB%8C%D9%82-%D8%B3%D8%B1%DA%86-%DA%A9%D8%B1%D8%AF%D9%86-%D8%AA%D8%A7%DB%8C%DB%8C%D8%AF-%D8%B4%D8%AF%D9%87.981955/,1,278
Ø¢Ù…ÙˆØ²Ø´ Ú©Ø³Ø¨ Ø¯Ø±Ø¢Ù…Ø¯ Ù…ÛŒÙ„ÛŒÙˆÙ†ÛŒ Ø§Ø² Ø³Ø§ÛŒØª Ø¹Ù„ÛŒ Ù„Ù†Ø¯ aliland.ir,https://forum.persiantools.com/threads/%D8%A2%D9%85%D9%88%D8%B2%D8%B4-%DA%A9%D8%B3%D8%A8-%D8%AF%D8%B1%D8%A2%D9%85%D8%AF-%D9%85%DB%8C%D9%84%DB%8C%D9%88%D9%86%DB%8C-%D8%A7%D8%B2-%D8%B3%D8%A7%DB%8C%D8%AA-%D8%B9%D9%84%DB%8C-%D9%84%D9%86%D8%AF-aliland-ir.921818/,1,2000
Ú©Ø³Ø¨ Ø¯Ø±Ø¢Ù…Ø¯ Ø±ÙˆØ²Ø§Ù†Ù‡ 10 Ø¯Ù„Ø§Ø± Ø§Ø² Ø§ÛŒÙ† Ø³Ø§ÛŒØª,https://forum.persiantools.com/threads/%DA%A9%D8%B3%D8%A8-%D8%AF%D8%B1%D8%A2%D9%85%D8%AF-%D8%B1%D9%88%D8%B2%D8%A7%D9%86%D9%87-10-%D8%AF%D9%84%D8%A7%D8%B1-%D8%A7%D8%B2-%D8%A7%DB%8C%D9%86-%D8%B3%D8%A7%DB%8C%D8%AA.974950/,1,410
Ø¢Ù…ÙˆØ²Ø´ Ú©Ø§Ø± Ø¨Ø§ Ù¾Ù„ØªÙØ±Ù… Tradingview,https://forum.persiantools.com/threads/%D8%A2%D9%85%D9%88%D8%B2%D8%B4-%DA%A9%D8%A7%D8%B1-%D8%A8%D8%A7-%D9%BE%D9%84%D8%AA%D9%81%D8%B1%D9%85-tradingview.951593/,1,964
Ø¯ÙˆØªØ§ Ø³Ø§ÛŒØª Ú©Ù„ÛŒÚ©ÛŒ,https://forum.persiantools.com/threads/%D8%AF%D9%88%D8%AA%D8%A7-%D8%B3%D8%A7%DB%8C%D8%AA-%DA%A9%D9%84%DB%8C%DA%A9%DB%8C.972302/,1,207
Ø¯Ø±ÛŒØ§ÙØª 1000 ØªÙˆÚ©Ù† Ø±Ø§ÛŒÚ¯Ø§Ù† Ø¨Ù‡ Ù‚ÛŒÙ…Øª 100 Ø¯Ù„Ø§Ø±,https://forum.persiantools.com/threads/%D8%AF%D8%B1%DB%8C%D8%A7%D9%81%D8%AA-1000-%D8%AA%D9%88%DA%A9%D9%86-%D8%B1%D8%A7%DB%8C%DA%AF%D8%A7%D9%86-%D8%A8%D9%87-%D9%82%DB%8C%D9%85%D8%AA-100-%D8%AF%D9%84%D8%A7%D8%B1.971961/,1,744
Ø§ÛŒØ±Ø¯Ø±Ø§Ù¾ NakerDAO  - Ø¯Ø±ÛŒØ§ÙØª0.03  ØªÙˆÚ©Ù† NKR Ø¨Ù‡ Ø§Ø±Ø²Ø´ Ø§ÙˆÙ„ÛŒÙ‡ 20 Ø¯Ù„Ø§Ø± & 0.003 ØªÙˆÚ©Ù† /Ø²ÛŒØ±Ù…Ø¬Ù…ÙˆØ¹Ù‡ (Ø§Ø±Ø²Ø´ Ù…Ø´Ø§Ø±Ú©Øª 5.0/4.0 ) - Ø¨Ø± Ø±ÙˆÛŒ Ù¾Ù„ØªÙØ±Ù… Ø¨Ø§ÛŒÙ†Ø§Ù†Ø³,https://forum.persiantools.com/threads/%D8%A7%DB%8C%D8%B1%D8%AF%D8%B1%D8%A7%D9%BE-nakerdao-%D8%AF%D8%B1%DB%8C%D8%A7%D9%81%D8%AA0-03-%D8%AA%D9%88%DA%A9%D9%86-nkr-%D8%A8%D9%87-%D8%A7%D8%B1%D8%B2%D8%B4-%D8%A7%D9%88%D9%84%DB%8C%D9%87-20-%D8%AF%D9%84%D8%A7%D8%B1-0-003-%D8%AA%D9%88%DA%A9%D9%86-%D8%B2%DB%8C%D8%B1%D9%85%D8%AC%D9%85%D9%88%D8%B9%D9%87-%D8%A7%D8%B1%D8%B2%D8%B4-%D9%85%D8%B4%D8%A7%D8%B1%DA%A9%D8%AA-5-0-4-0-%D8%A8%D8%B1-%D8%B1%D9%88%DB%8C-%D9%BE%D9%84%D8%AA%D9%81%D8%B1%D9%85-%D8%A8%D8%A7%DB%8C%D9%86%D8%A7%D9%86%D8%B3.969457/,1,226
Ø§ÛŒØ±Ø¯Ø±Ø§Ù¾ (rotocolFinance (PFI - Ø¯Ø±ÛŒØ§ÙØª 0.2 ØªÙˆÚ©Ù† PFI Ø¨Ù‡ Ø§Ø±Ø²Ø´ 20 Ø¯Ù„Ø§Ø± & 0.005 ØªÙˆÚ©Ù† Ø§Ø¶Ø§ÙÛŒ/Ø²ÛŒØ±Ù…Ø¬Ù…ÙˆØ¹Ù‡,https://forum.persiantools.com/threads/%D8%A7%DB%8C%D8%B1%D8%AF%D8%B1%D8%A7%D9%BE-rotocolfinance-pfi-%D8%AF%D8%B1%DB%8C%D8%A7%D9%81%D8%AA-0-2-%D8%AA%D9%88%DA%A9%D9%86-pfi-%D8%A8%D9%87-%D8%A7%D8%B1%D8%B2%D8%B4-20-%D8%AF%D9%84%D8%A7%D8%B1-0-005-%D8%AA%D9%88%DA%A9%D9%86-%D8%A7%D8%B6%D8%A7%D9%81%DB%8C-%D8%B2%DB%8C%D8%B1%D9%85%D8%AC%D9%85%D9%88%D8%B9%D9%87.971511/,1,254
Ø³Ø§ÛŒØª Ú©Ø³Ø¨ Ø±ÙˆØ¨Ù„ > Ù…Ø§ÛŒÙ†ÛŒÙ†Ú¯ Ù…Ø§Ù†ÛŒ *Ø¬Ø¯ÛŒØ¯,https://forum.persiantools.com/threads/%D8%B3%D8%A7%DB%8C%D8%AA-%DA%A9%D8%B3%D8%A8-%D8%B1%D9%88%D8%A8%D9%84-%D9%85%D8%A7%DB%8C%D9%86%DB%8C%D9%86%DA%AF-%D9%85%D8%A7%D9%86%DB%8C-%D8%AC%D8%AF%DB%8C%D8%AF.971555/,1,195
Ù‚ÙˆØ§Ù†ÛŒÙ† Ø¨Ø®Ø´ ÙˆÛŒÚ˜Ù‡ Ú©Ø§Ø±Ø¨Ø±Ø§Ù† Ø¹Ù…ÙˆÙ…ÛŒ,https://forum.persiantools.com/threads/%D9%82%D9%88%D8%A7%D9%86%DB%8C%D9%86-%D8%A8%D8%AE%D8%B4-%D9%88%DB%8C%DA%98%D9%87-%DA%A9%D8%A7%D8%B1%D8%A8%D8%B1%D8%A7%D9%86-%D8%B9%D9%85%D9%88%D9%85%DB%8C.621461/,0,3000
Ù…Ø¹Ø±ÙÛŒ Ø¨Ù‡ØªØ±ÛŒÙ† ØµØ±Ø§ÙÛŒ Ù‡Ø§ÛŒ Ø¯Ø§Ø®Ù„ÛŒ Ø§Ø±Ø² Ø¯ÛŒØ¬ÛŒØªØ§Ù„,https://forum.persiantools.com/threads/%D9%85%D8%B9%D8%B1%D9%81%DB%8C-%D8%A8%D9%87%D8%AA%D8%B1%DB%8C%D9%86-%D8%B5%D8%B1%D8%A7%D9%81%DB%8C-%D9%87%D8%A7%DB%8C-%D8%AF%D8%A7%D8%AE%D9%84%DB%8C-%D8%A7%D8%B1%D8%B2-%D8%AF%DB%8C%D8%AC%DB%8C%D8%AA%D8%A7%D9%84.988417/,0,843
Ø±ÙˆÛŒÚ©Ø±Ø¯ Ù‡Ø§ÛŒ Ù…Ø®ØªÙ„Ù Ø§Ø³ØªÙØ§Ø¯Ù‡ Ø§Ø² Ø§Ø³Ù¾Ù„ÛŒØªØ± Ø¯Ø± Ø·Ø±Ø§Ø­ÛŒ Ù¾Ø³ÛŒÙˆ ÙÛŒØ¨Ø± Ù†ÙˆØ±ÛŒ,https://forum.persiantools.com/threads/%D8%B1%D9%88%DB%8C%DA%A9%D8%B1%D8%AF-%D9%87%D8%A7%DB%8C-%D9%85%D8%AE%D8%AA%D9%84%D9%81-%D8%A7%D8%B3%D8%AA%D9%81%D8%A7%D8%AF%D9%87-%D8%A7%D8%B2-%D8%A7%D8%B3%D9%BE%D9%84%DB%8C%D8%AA%D8%B1-%D8%AF%D8%B1-%D8%B7%D8%B1%D8%A7%D8%AD%DB%8C-%D9%BE%D8%B3%DB%8C%D9%88-%D9%81%DB%8C%D8%A8%D8%B1-%D9%86%D9%88%D8%B1%DB%8C.988628/,0,532
ğŸ˜ğŸ˜Ø§ÛŒØ±Ø¯Ø±Ø§Ù¾ Ø¨Ø³ÛŒØ§Ø± Ù…Ø¹ØªØ¨Ø± ULTIXğŸ˜ğŸ˜,https://forum.persiantools.com/threads/%F0%9F%98%8D%F0%9F%98%8D%D8%A7%DB%8C%D8%B1%D8%AF%D8%B1%D8%A7%D9%BE-%D8%A8%D8%B3%DB%8C%D8%A7%D8%B1-%D9%85%D8%B9%D8%AA%D8%A8%D8%B1-ultix%F0%9F%98%8D%F0%9F%98%8D.988280/,0,1000
Ø§Ú¯Ù‡ Ø¨Ø±Ú¯Ø±Ø¯ÛŒ Ø¯Ùˆ Ø³Ø§Ù„ Ù¾ÛŒØ´ Ú†ÛŒÚ©Ø§Ø± Ù…ÛŒÚ©Ø±Ø¯ÛŒØŸ,https://forum.persiantools.com/threads/%D8%A7%DA%AF%D9%87-%D8%A8%D8%B1%DA%AF%D8%B1%D8%AF%DB%8C-%D8%AF%D9%88-%D8%B3%D8%A7%D9%84-%D9%BE%DB%8C%D8%B4-%DA%86%DB%8C%DA%A9%D8%A7%D8%B1-%D9%85%DB%8C%DA%A9%D8%B1%D8%AF%DB%8C%D8%9F.988083/,0,668
Ø³Ø§ÛŒØª Getlike | Ø¯Ø±Ø¢Ù…Ø¯ Ø±ÙˆØ²Ø§Ù†Ù‡ Ø¨Ø§ Ù„Ø§ÛŒÚ© Ùˆ ÙØ§Ù„Ùˆ Û²Û°Û° Ù‡Ø²Ø§Ø± ØªÙˆÙ…Ø§Ù†,https://forum.persiantools.com/threads/%D8%B3%D8%A7%DB%8C%D8%AA-getlike-%D8%AF%D8%B1%D8%A2%D9%85%D8%AF-%D8%B1%D9%88%D8%B2%D8%A7%D9%86%D9%87-%D8%A8%D8%A7-%D9%84%D8%A7%DB%8C%DA%A9-%D9%88-%D9%81%D8%A7%D9%84%D9%88-%DB%B2%DB%B0%DB%B0-%D9%87%D8%B2%D8%A7%D8%B1-%D8%AA%D9%88%D9%85%D8%A7%D9%86.988034/,0,664
Ø§ÛŒØ±Ø¯Ø±Ø§Ù¾ Û¶Û°Û° Ø¯Ù„Ø§Ø±ÛŒ Ø¬Ø¯ÛŒØ¯ (Ø§Ø±Ø²Ø´ Ù‡Ø± ÙˆØ§Ø­Ø¯ ØªÙˆÚ©Ù† 0.004$),https://forum.persiantools.com/threads/%D8%A7%DB%8C%D8%B1%D8%AF%D8%B1%D8%A7%D9%BE-%DB%B6%DB%B0%DB%B0-%D8%AF%D9%84%D8%A7%D8%B1%DB%8C-%D8%AC%D8%AF%DB%8C%D8%AF-%D8%A7%D8%B1%D8%B2%D8%B4-%D9%87%D8%B1-%D9%88%D8%A7%D8%AD%D8%AF-%D8%AA%D9%88%DA%A9%D9%86-0-004.987202/,0,501
Ú©Ø³Ø¨ Ø¯Ø±Ø¢Ù…Ø¯ Ø¯Ù„Ø§Ø±ÛŒ Ø¨Ø§ Ø¨Ø§Ø²ÛŒ Ø§Ù†Ø¯Ø±ÙˆÛŒØ¯ÛŒ,https://forum.persiantools.com/threads/%DA%A9%D8%B3%D8%A8-%D8%AF%D8%B1%D8%A2%D9%85%D8%AF-%D8%AF%D9%84%D8%A7%D8%B1%DB%8C-%D8%A8%D8%A7-%D8%A8%D8%A7%D8%B2%DB%8C-%D8%A7%D9%86%D8%AF%D8%B1%D9%88%DB%8C%D8%AF%DB%8C.987064/,0,197
Ø§Ø¨Ø²Ø§Ø±Ù‡Ø§ÛŒ Ú©Ø§Ø±Ø¨Ø±Ø¯ÛŒ Ù†Ø±Ù… Ø§ÙØ²Ø§Ø± Ø±Ø§ÛŒÚ¯Ø§Ù† Meshmixer,https://forum.persiantools.com/threads/%D8%A7%D8%A8%D8%B2%D8%A7%D8%B1%D9%87%D8%A7%DB%8C-%DA%A9%D8%A7%D8%B1%D8%A8%D8%B1%D8%AF%DB%8C-%D9%86%D8%B1%D9%85-%D8%A7%D9%81%D8%B2%D8%A7%D8%B1-%D8%B1%D8%A7%DB%8C%DA%AF%D8%A7%D9%86-meshmixer.986194/,0,257
Ø³ÙˆØ§Ù„ Ø¯Ø± Ù…ÙˆØ±Ø¯ ØªØ¨Ù„ÛŒØºØ§Øª Ú¯ÙˆÚ¯Ù„ Ø¯Ø± Ù†Ø±Ù… Ø§ÙØ²Ø§Ø± Ø§Ù†Ø¯Ø±ÙˆÛŒØ¯,https://forum.persiantools.com/threads/%D8%B3%D9%88%D8%A7%D9%84-%D8%AF%D8%B1-%D9%85%D9%88%D8%B1%D8%AF-%D8%AA%D8%A8%D9%84%DB%8C%D8%BA%D8%A7%D8%AA-%DA%AF%D9%88%DA%AF%D9%84-%D8%AF%D8%B1-%D9%86%D8%B1%D9%85-%D8%A7%D9%81%D8%B2%D8%A7%D8%B1-%D8%A7%D9%86%D8%AF%D8%B1%D9%88%DB%8C%D8%AF.985469/,0,152
Ø¯Ø±ÛŒØ§ÙØª NFT Ø±Ø§ÛŒÚ¯Ø§Ù†,https://forum.persiantools.com/threads/%D8%AF%D8%B1%DB%8C%D8%A7%D9%81%D8%AA-nft-%D8%B1%D8%A7%DB%8C%DA%AF%D8%A7%D9%86.984431/,0,520
Ú©Ø³Ø¨ Ø¯Ø±Ø§Ù…Ø¯ Ø§Ø² Ø·Ø±Ø§Ø­ÛŒ Ù„ÙˆÚ¯Ùˆ,https://forum.persiantools.com/threads/%DA%A9%D8%B3%D8%A8-%D8%AF%D8%B1%D8%A7%D9%85%D8%AF-%D8%A7%D8%B2-%D8%B7%D8%B1%D8%A7%D8%AD%DB%8C-%D9%84%D9%88%DA%AF%D9%88.983497/,0,269
Ú©Ø³Ø¨ Ø¯Ø±Ø¢Ù…Ø¯ Ø§Ø² Ø³Ø§ÛŒØª coin-birds,https://forum.persiantools.com/threads/%DA%A9%D8%B3%D8%A8-%D8%AF%D8%B1%D8%A2%D9%85%D8%AF-%D8%A7%D8%B2-%D8%B3%D8%A7%DB%8C%D8%AA-coin-birds.983218/,0,187
Ú©Ù…Ú© Ø§Ø² Ø¯ÙˆØ³ØªØ§Ù† Ø³Ø§Ú©Ù† Ø§Ù†Ú¯ÛŒÙ„Ø³ ÛŒØ§ Ú©Ø³Ø§Ù†ÛŒ Ú©Ù‡ Ø§Ø´Ù†Ø§ÛŒÛŒ Ø¯Ø± Ø§Ù†Ú¯ÛŒÙ„ÛŒØ³ Ø¯Ø§Ø±Ù†,https://forum.persiantools.com/threads/%DA%A9%D9%85%DA%A9-%D8%A7%D8%B2-%D8%AF%D9%88%D8%B3%D8%AA%D8%A7%D9%86-%D8%B3%D8%A7%DA%A9%D9%86-%D8%A7%D9%86%DA%AF%DB%8C%D9%84%D8%B3-%DB%8C%D8%A7-%DA%A9%D8%B3%D8%A7%D9%86%DB%8C-%DA%A9%D9%87-%D8%A7%D8%B4%D9%86%D8%A7%DB%8C%DB%8C-%D8%AF%D8%B1-%D8%A7%D9%86%DA%AF%DB%8C%D9%84%DB%8C%D8%B3-%D8%AF%D8%A7%D8%B1%D9%86.983033/,0,192
Ú©Ø³Ø¨ Ø¯Ø±Ø¢Ù…Ø¯ Ø¨Ø§Ù„Ø§ Ø§Ø² Ø­Ù„ Ú©Ù¾Ú†Ø§ Ùˆ Ú©Ù¾ÛŒ Ù¾Ø³Øª Ú©Ø±Ø¯Ù†,https://forum.persiantools.com/threads/%DA%A9%D8%B3%D8%A8-%D8%AF%D8%B1%D8%A2%D9%85%D8%AF-%D8%A8%D8%A7%D9%84%D8%A7-%D8%A7%D8%B2-%D8%AD%D9%84-%DA%A9%D9%BE%DA%86%D8%A7-%D9%88-%DA%A9%D9%BE%DB%8C-%D9%BE%D8%B3%D8%AA-%DA%A9%D8%B1%D8%AF%D9%86.982583/,0,298
"Ú©Ø³ÛŒ Ø§Ø² Ø¯ÙˆØ³ØªØ§Ù† Ø¨Ø§ Ø³Ø§ÛŒØª ""Ø§Ø±Ø²Ø¬Ùˆ"" Ú©Ø§Ø± Ú©Ø±Ø¯Ù‡ØŸ",https://forum.persiantools.com/threads/%DA%A9%D8%B3%DB%8C-%D8%A7%D8%B2-%D8%AF%D9%88%D8%B3%D8%AA%D8%A7%D9%86-%D8%A8%D8%A7-%D8%B3%D8%A7%DB%8C%D8%AA-%D8%A7%D8%B1%D8%B2%D8%AC%D9%88-%DA%A9%D8%A7%D8%B1-%DA%A9%D8%B1%D8%AF%D9%87%D8%9F.982284/,0,217
Ú©Ù…Ú© Ø¨Ø±Ø§ÛŒ ÙØ±ÙˆØ´ Ø±ÙˆØ¨Ù„,https://forum.persiantools.com/threads/%DA%A9%D9%85%DA%A9-%D8%A8%D8%B1%D8%A7%DB%8C-%D9%81%D8%B1%D9%88%D8%B4-%D8%B1%D9%88%D8%A8%D9%84.980748/,0,171
Ú©Ø³Ø¨ Ø¯Ø± Ø¢Ù…Ø¯ Ø§Ø² Ø³Ø§ÛŒØª Ø²Ø± Ú©Ù„ÛŒÚ©,https://forum.persiantools.com/threads/%DA%A9%D8%B3%D8%A8-%D8%AF%D8%B1-%D8%A2%D9%85%D8%AF-%D8%A7%D8%B2-%D8%B3%D8%A7%DB%8C%D8%AA-%D8%B2%D8%B1-%DA%A9%D9%84%DB%8C%DA%A9.949670/,0,415
160 Ø¯Ù„Ø§Ø± Ù¾ÛŒÙ¾Ø§Ù„ Ù…ÙˆØ¬ÙˆØ¯ Ø§Ø³Øª Ø¨Ø±Ø§ÛŒ ÙØ±ÙˆØ´,https://forum.persiantools.com/threads/160-%D8%AF%D9%84%D8%A7%D8%B1-%D9%BE%DB%8C%D9%BE%D8%A7%D9%84-%D9%85%D9%88%D8%AC%D9%88%D8%AF-%D8%A7%D8%B3%D8%AA-%D8%A8%D8%B1%D8%A7%DB%8C-%D9%81%D8%B1%D9%88%D8%B4.979029/,0,185
Ù…ØªØ±Ø¬Ù… Ø²ÛŒØ±Ù†ÙˆÛŒØ³ ÙÛŒÙ„Ù…,https://forum.persiantools.com/threads/%D9%85%D8%AA%D8%B1%D8%AC%D9%85-%D8%B2%DB%8C%D8%B1%D9%86%D9%88%DB%8C%D8%B3-%D9%81%DB%8C%D9%84%D9%85.979120/,0,225
"Ø¯Ø±ÛŒØ§ÙØª Ù…Ø³ØªÙ‚ÛŒÙ… Ø¨Ø¯ÙˆÙ† Ø­Ø¯Ø§Ù‚Ù„ Ø¨Ø±Ø¯Ø§Ø´Øª Ø¨Ù‡ Ú©ÛŒÙ Ù¾ÙˆÙ„ ( Ø§Ø±Ø² Ù‡Ø§ÛŒ NANO , ALGORAND , ZCASH Ùˆ .... )",https://forum.persiantools.com/threads/%D8%AF%D8%B1%DB%8C%D8%A7%D9%81%D8%AA-%D9%85%D8%B3%D8%AA%D9%82%DB%8C%D9%85-%D8%A8%D8%AF%D9%88%D9%86-%D8%AD%D8%AF%D8%A7%D9%82%D9%84-%D8%A8%D8%B1%D8%AF%D8%A7%D8%B4%D8%AA-%D8%A8%D9%87-%DA%A9%DB%8C%D9%81-%D9%BE%D9%88%D9%84-%D8%A7%D8%B1%D8%B2-%D9%87%D8%A7%DB%8C-nano-algorand-zcash-%D9%88.978154/,0,433
Ø¯Ø§Ø±Ø§ÛŒÛŒ Ù‡Ø§ÛŒ Ù…ØµØ§Ø¯Ø±Ù‡ Ø´Ø¯Ù‡ Ø®ÙˆØ¯ Ø±Ø§ Ø¯Ø± ØµØ±Ø§ÙÛŒ Ø¨ÛŒØªØ±Ú©Ø³ Ø¢Ø²Ø§Ø¯ Ú©Ù†ÛŒØ¯! + Ø´Ø±Ø­ Ú©Ø§Ù…Ù„ Ù†Ø­ÙˆÙ‡ Ø¢Ø²Ø§Ø¯Ø³Ø§Ø²ÛŒ Ø¯Ø§Ø±Ø§ÛŒÛŒ,https://forum.persiantools.com/threads/%D8%AF%D8%A7%D8%B1%D8%A7%DB%8C%DB%8C-%D9%87%D8%A7%DB%8C-%D9%85%D8%B5%D8%A7%D8%AF%D8%B1%D9%87-%D8%B4%D8%AF%D9%87-%D8%AE%D9%88%D8%AF-%D8%B1%D8%A7-%D8%AF%D8%B1-%D8%B5%D8%B1%D8%A7%D9%81%DB%8C-%D8%A8%DB%8C%D8%AA%D8%B1%DA%A9%D8%B3-%D8%A2%D8%B2%D8%A7%D8%AF-%DA%A9%D9%86%DB%8C%D8%AF-%D8%B4%D8%B1%D8%AD-%DA%A9%D8%A7%D9%85%D9%84-%D9%86%D8%AD%D9%88%D9%87-%D8%A2%D8%B2%D8%A7%D8%AF%D8%B3%D8%A7%D8%B2%DB%8C-%D8%AF%D8%A7%D8%B1%D8%A7%DB%8C%DB%8C.975556/,0,0
Ø³ÛŒÚ¯Ù†Ø§Ù„ Ù¾Ø§Ù…Ù¾ ÙˆØ§Ù‚Ø¹ÛŒØª Ø¯Ø§Ø±Ù‡ ÛŒØ§ Ø¯Ø±ÙˆØºÙ‡ ?,https://forum.persiantools.com/threads/%D8%B3%DB%8C%DA%AF%D9%86%D8%A7%D9%84-%D9%BE%D8%A7%D9%85%D9%BE-%D9%88%D8%A7%D9%82%D8%B9%DB%8C%D8%AA-%D8%AF%D8%A7%D8%B1%D9%87-%DB%8C%D8%A7-%D8%AF%D8%B1%D9%88%D8%BA%D9%87.975557/,0,0
Ù…ÛŒÙ„ÛŒØ§Ø±Ø¯Ø± Ø®ÙˆØ§Ù‡ÛŒ Ø´Ø¯ Ø§Ú¯Ø± ...,https://forum.persiantools.com/threads/%D9%85%DB%8C%D9%84%DB%8C%D8%A7%D8%B1%D8%AF%D8%B1-%D8%AE%D9%88%D8%A7%D9%87%DB%8C-%D8%B4%D8%AF-%D8%A7%DA%AF%D8%B1.974717/,0,217
Ø¢ÛŒØ§ Ø¨Ù„Ø§Ú©Ú†ÛŒÙ† Ø§Ù…Ù† Ø§Ø³ØªØŸ,https://forum.persiantools.com/threads/%D8%A2%DB%8C%D8%A7-%D8%A8%D9%84%D8%A7%DA%A9%DA%86%DB%8C%D9%86-%D8%A7%D9%85%D9%86-%D8%A7%D8%B3%D8%AA%D8%9F.974284/,0,219
Ú†Ù‡ Ú©Ø³Ø§Ù†ÛŒ Ø´Ø¨Ú©Ù‡ Ø¨Ù„Ø§Ú© Ú†ÛŒÙ† Ø±Ø§ Ú©Ù†ØªØ±Ù„ Ù…ÛŒ Ú©Ù†Ù†Ø¯ØŸ,https://forum.persiantools.com/threads/%DA%86%D9%87-%DA%A9%D8%B3%D8%A7%D9%86%DB%8C-%D8%B4%D8%A8%DA%A9%D9%87-%D8%A8%D9%84%D8%A7%DA%A9-%DA%86%DB%8C%D9%86-%D8%B1%D8%A7-%DA%A9%D9%86%D8%AA%D8%B1%D9%84-%D9%85%DB%8C-%DA%A9%D9%86%D9%86%D8%AF%D8%9F.973982/,0,201
Ø¨Ø§Øª Ø¬Ø¯ÛŒØ¯ ØªÙ„Ú¯Ø±Ø§Ù… Ø¨Ø±Ø§ÛŒ Ø¯Ø±ÛŒØ§ÙØª BTT Ø¨Ù‡ ØµÙˆØ±Øª Ú©Ø§Ù…Ù„Ø§ Ø±Ø§ÛŒÚ¯Ø§Ù† - Ù‡Ù…Ø±Ø§Ù‡ Ø¨Ø§ Ø³Ù†Ø¯ Ø¨Ø±Ø¯Ø§Ø´Øª,https://forum.persiantools.com/threads/%D8%A8%D8%A7%D8%AA-%D8%AC%D8%AF%DB%8C%D8%AF-%D8%AA%D9%84%DA%AF%D8%B1%D8%A7%D9%85-%D8%A8%D8%B1%D8%A7%DB%8C-%D8%AF%D8%B1%DB%8C%D8%A7%D9%81%D8%AA-btt-%D8%A8%D9%87-%D8%B5%D9%88%D8%B1%D8%AA-%DA%A9%D8%A7%D9%85%D9%84%D8%A7-%D8%B1%D8%A7%DB%8C%DA%AF%D8%A7%D9%86-%D9%87%D9%85%D8%B1%D8%A7%D9%87-%D8%A8%D8%A7-%D8%B3%D9%86%D8%AF-%D8%A8%D8%B1%D8%AF%D8%A7%D8%B4%D8%AA.973027/,0,195
10 Ø±ÙˆØ´ Ø¹Ø§Ù„ÛŒ Ø¨Ø±Ø§ÛŒ Ø²ÛŒØ±Ù…Ø¬ÙˆØ¹Ù‡ Ú¯ÛŒØ±ÛŒ dgearn.ir,https://forum.persiantools.com/threads/10-%D8%B1%D9%88%D8%B4-%D8%B9%D8%A7%D9%84%DB%8C-%D8%A8%D8%B1%D8%A7%DB%8C-%D8%B2%DB%8C%D8%B1%D9%85%D8%AC%D9%88%D8%B9%D9%87-%DA%AF%DB%8C%D8%B1%DB%8C-dgearn-ir.971634/,0,488
Ø¨Ø±Ø§ÛŒ Ú©Ø³Ø¨ Ùˆ Ú©Ø§Ø± Ø®ÙˆØ¯ Ø¨Ø±Ù†Ø¯Ø³Ø§Ø²ÛŒ Ú©Ù†ÛŒÙ… ÛŒØ§ Ø¨Ø§Ø²Ø§Ø±ÛŒØ§Ø¨ÛŒØŸ,https://forum.persiantools.com/threads/%D8%A8%D8%B1%D8%A7%DB%8C-%DA%A9%D8%B3%D8%A8-%D9%88-%DA%A9%D8%A7%D8%B1-%D8%AE%D9%88%D8%AF-%D8%A8%D8%B1%D9%86%D8%AF%D8%B3%D8%A7%D8%B2%DB%8C-%DA%A9%D9%86%DB%8C%D9%85-%DB%8C%D8%A7-%D8%A8%D8%A7%D8%B2%D8%A7%D8%B1%DB%8C%D8%A7%D8%A8%DB%8C%D8%9F.972478/,0,136
Ú†ÛŒÙ„ØªØ± Ø´Ø¯Ù† Cointplay Ùˆ Ø³Ø§ÛŒØª Ù‡Ø§ÛŒ Moon?,https://forum.persiantools.com/threads/%DA%86%DB%8C%D9%84%D8%AA%D8%B1-%D8%B4%D8%AF%D9%86-cointplay-%D9%88-%D8%B3%D8%A7%DB%8C%D8%AA-%D9%87%D8%A7%DB%8C-moon.972361/,0,205
Ø­Ù…Ø§ÛŒØª Ø§Ø² ØªÙˆÙ„ÛŒØ¯ Ú©Ù†Ù†Ø¯Ù‡ Ù‡Ø§ÛŒ Ù…Ø­ØªÙˆØ§ÛŒ Ù†Ùˆ Ù¾Ø§,https://forum.persiantools.com/threads/%D8%AD%D9%85%D8%A7%DB%8C%D8%AA-%D8%A7%D8%B2-%D8%AA%D9%88%D9%84%DB%8C%D8%AF-%DA%A9%D9%86%D9%86%D8%AF%D9%87-%D9%87%D8%A7%DB%8C-%D9%85%D8%AD%D8%AA%D9%88%D8%A7%DB%8C-%D9%86%D9%88-%D9%BE%D8%A7.972289/,0,292
ØªØ±Ø¬Ù…Ù‡ Ø¹Ø±Ø¨ÛŒ,https://forum.persiantools.com/threads/%D8%AA%D8%B1%D8%AC%D9%85%D9%87-%D8%B9%D8%B1%D8%A8%DB%8C.971762/,0,315
Ø§ÛŒØ±Ø¯Ø±Ø§Ù¾ iDeltaProtocol - Ø¯Ø±ÛŒØ§ÙØª 100 ØªÙˆÚ©Ù†  iDeltaØ¨Ù‡ Ø§Ø±Ø²Ø´ 16 Ø¯Ù„Ø§Ø± & 70 ØªÙˆÚ©Ù† Ø§Ø¶Ø§ÙÛŒ (11 Ø¯Ù„Ø§Ø±)/Ø²ÛŒØ±Ù…Ø¬Ù…ÙˆØ¹Ù‡ - Ø¨Ø± Ø±ÙˆÛŒ Ù¾Ù„ØªÙØ±Ù… ØªØ±ÙˆÙ†,https://forum.persiantools.com/threads/%D8%A7%DB%8C%D8%B1%D8%AF%D8%B1%D8%A7%D9%BE-ideltaprotocol-%D8%AF%D8%B1%DB%8C%D8%A7%D9%81%D8%AA-100-%D8%AA%D9%88%DA%A9%D9%86-idelta%D8%A8%D9%87-%D8%A7%D8%B1%D8%B2%D8%B4-16-%D8%AF%D9%84%D8%A7%D8%B1-70-%D8%AA%D9%88%DA%A9%D9%86-%D8%A7%D8%B6%D8%A7%D9%81%DB%8C-11-%D8%AF%D9%84%D8%A7%D8%B1-%D8%B2%DB%8C%D8%B1%D9%85%D8%AC%D9%85%D9%88%D8%B9%D9%87-%D8%A8%D8%B1-%D8%B1%D9%88%DB%8C-%D9%BE%D9%84%D8%AA%D9%81%D8%B1%D9%85-%D8%AA%D8%B1%D9%88%D9%86.971669/,0,153
Ø§Ø³ØªÙØ§Ø¯Ù‡ Ø§Ø² Ù†Ù…Ø§ÛŒÙ†Ø¯Ú¯ÛŒ Ù¾ÛŒØ§Ù…Ú©ÛŒ,https://forum.persiantools.com/threads/%D8%A7%D8%B3%D8%AA%D9%81%D8%A7%D8%AF%D9%87-%D8%A7%D8%B2-%D9%86%D9%85%D8%A7%DB%8C%D9%86%D8%AF%DA%AF%DB%8C-%D9%BE%DB%8C%D8%A7%D9%85%DA%A9%DB%8C.971595/,0,557
Ù…Ø´ÙˆØ±Øª Ú©Ø§Ø±,https://forum.persiantools.com/threads/%D9%85%D8%B4%D9%88%D8%B1%D8%AA-%DA%A9%D8%A7%D8%B1.971545/,0,113
